{"AAPL":{"Low":162.8000030518,"High":170.3500061035,"Volume":163833036},"TSLA":{"Low":792.0100097656,"High":857.5,"Volume":43768455}}